{"nodes":{"node:1":{"location":{"x":239,"y":154}}},"selection":null,"view":{"scroll":{"x":-205.5418701171875,"y":-39.1021728515625},"zoom":1}}