{"nodes":{"node:1":{"location":{"x":-304,"y":170}}},"selection":null,"view":{"scroll":{"x":-482.61285400390625,"y":-66.8592910766601562},"zoom":1.25}}