{"nodes":{"node:1":{"location":{"x":239,"y":154}}},"selection":null,"view":{"scroll":{"x":-113.927345275878906,"y":-34.3777122497558594},"zoom":1.25}}